,rmse,skill
299,,
598,,
899,1.120222862421562,-9.953436118365518
1198,,
1499,0.8778583842508313,-3.1269238146149085
1798,0.9656336918563821,-3.05501423978357
2099,4.874179578048412,-0.1251210228448265
2398,2.9021099610563734,-0.18222572836907247
2699,2.0457212301177226,-0.23233592386730506
2999,0.846905758741147,-3.4294110049290722
3298,1.2214225549244895,-0.9779617043099056
3599,1.9263287362999268,-0.27024102758427304
3898,,
4199,3.2219700028250995,-0.24175209852151225
4498,0.9898841172882624,-4.053093561870659
4799,0.9069762193069013,-1.9633516156639912
5098,0.8524486891991747,-3.8331344994226786
5399,1.005741612067471,-5.893845636232747
5699,0.8363810675553442,-5.601641367158225
5998,1.121799338813724,-2.5549860984011517
6299,0.9733209760369765,-2.0380965897897965
6598,1.0875311323558443,-3.583014730048812
6899,1.2645322492280693,-5.269660701176709
7198,1.0000151401174993,-3.235678333069118
7499,,
7798,,
8099,,
8399,0.9561449539020723,-2.964458741415726
8698,1.0420376652776522,-6.714857159275774
8999,1.143855131517601,-7.702853161681158
9298,,
9599,,
9898,,
10199,,
10498,,
10799,,
11099,,
11398,,
11699,,
11998,,
12299,,
12598,,
12899,,
13198,,
13499,,
13799,,
14098,,
14399,,
14698,,
14999,,
15298,,
15599,,
15898,,
16199,,
16499,,
16798,,
17099,,
17398,,
17699,,
17998,,
18299,,
18598,,
18899,,
19199,,
19498,,
19799,,
20098,,
20399,,
20698,,
20999,,
21298,,
21599,,
21899,,
22198,,
22499,,
22798,,
23099,,
23398,,
23699,,
23998,,
24299,,
24599,,
24898,,
25199,,
25498,,
25799,,
26098,,
26399,,
26698,,
26999,,
27299,,
27598,,
27899,,
28198,,
28499,,
28798,,
29099,,
29398,,
29699,,
29999,,
30298,,
30599,,
30898,,
31199,,
31498,,
31799,,
32098,,
32399,,
32699,,
32998,,
33299,,
33598,,
33899,,
34198,,
34499,,
34798,,
35099,,
35399,,
35698,,
35999,,
36298,,
36599,,
36898,,
37199,,
37498,,
37799,,
38099,,
38398,,
38699,,
38998,,
39299,,
39598,,
39899,,
40198,,
40499,,
40799,,
41098,,
41399,,
41698,,
41999,,
42298,,
42599,,
42898,,
43199,,
43499,,
43798,,
44099,,
44398,,
44699,,
44998,,
45299,,
45598,,
45899,,
46199,,
46498,,
46799,,
47098,,
47399,,
47698,,
47999,,
48298,,
48599,,
48899,,
49198,,
49499,,
49798,,
50099,,
50398,,
50699,,
50998,,
51299,,
51599,,
51898,,
52199,,
52498,21.038998183436885,-7.074217785375296
52799,11.714852892926395,-0.39743891330185677
53098,13.229770816823594,-0.2587071593371788
53399,9.562225101123328,-0.2189068981079254
53698,23.238402464178126,-0.2841480644092458
53999,41.68441822854757,-0.18278670500858873
54299,64.82658075709001,-0.2514069510978467
54598,89.12932390794704,-0.21011859031048452
54899,,
55198,1.4211715249219863,-0.25745686670233825
55499,1.789426673469897,-0.2956482015124302
55798,79.19653304354823,-0.2654055900947476
56099,59.093873117977246,-0.48415646063081286
56398,29.547053754920018,-1.0247391992854884
56699,14.606661926339699,-2.480205011483616
56999,29.40274095127966,-0.6970753560313945
57298,1.9449569544504663,-0.6775127180960985
57599,2.2283984679942725,-0.7736577431607525
57898,2.217283714368602,-0.7430061234644614
58199,2.160490527484905,-0.8311182563271378
58498,2.43769177087726,-1.0531456066050349
58799,4.090106958688448,-7.203158381783618
59098,,
59399,,
59699,2.586583228141317,-2.001145248321777
59998,2.4179337901307814,-5.6768305304425155
60299,,
60598,1.4507834664678863,-0.7033417502809975
60899,1.3149579025854108,-0.9091954014385435
61198,1.3597983341313036,-1.2776110908301188
61499,1.4282139474514643,-1.7166454839702765
61798,0.9669915219320424,-1.3430751107039551
62099,1.0140890757433558,-1.6511603673290365
62399,0.9941975879053234,-3.068214447324218
62698,3.5680335196708057,-0.409094805939368
62999,1.2451962186201198,-6.427581240535227
63298,16.37318228570611,-0.3544846695670443
63599,3.078828454559032,-0.3267265001927029
63898,1.112987285911692,-1.9225714636182123
64199,0.9136077771161398,-1.3554877626347999
64498,0.9390980807417891,-2.6625898739499823
64799,0.8157734558737079,-0.8217547165004191
65099,0.848167437511173,-1.6133584050575496
65398,,
65699,1.1625245612039405,-7.961398992664856
65998,,
66299,,
66598,1.0421553593761252,-6.5126234585992275
66899,,
67198,,
67499,,
67799,,
68098,0.624359036493828,-0.8582489251905507
68399,,
68698,,
68999,,
69298,,
69599,,
69898,1.0065627645221245,-4.774475399242769
70199,0.9438104389151913,-3.4347766072189305
70499,0.9334098817645599,-2.7985857084364443
70798,2.588390396313073,-1.4166417981535053
71099,0.9248254285215077,-2.281963912731577
71398,1.1039408919976808,-5.121397091783308
71699,1.0685345404843685,-2.0617151835843033
71998,1.0935857322925948,-2.626872844737378
72299,,
72598,,
72899,,
73199,1.2054174941816376,-2.947550875286895
73498,3.413469034179245,-0.8472565335768591
73799,,
74098,1.066047433413878,-2.204997823570471
74399,,
74698,1.196907482855704,-2.2923875790035595
74999,,
75298,1.4136762757293806,-8.506904222661609
75599,,
75899,1.7996983951830008,-9.999395849893412
76198,,
76499,1.1087586478180607,-1.0285262421616697
76798,5.241990000875415,-0.22463885380815252
77099,1.9093308570272969,-0.5160246075243506
77398,12.2818106751681,-0.22434393188853163
77699,2.644273838660415,-0.9588876372286432
77998,4.010425568625958,-0.19695875705332067
78299,2.6658308502575077,-0.2332255693637837
78599,8.878384229607573,-0.17169495008842328
78898,20.346161551509695,-0.18201710214451405
79199,10.365928835555003,-0.17160791169374456
79498,45.99317304877709,-0.18302681360849782
79799,41.28034941616688,-0.17505943823571868
80098,45.66713293162835,-0.26194877559389806
80399,30.342287789933785,-0.45238878264607707
80698,1.2671722852956018,-0.2584774659432987
80999,21.22419379179794,-1.5229675326045484
81299,217.04409023404045,-7.990305332539249
81598,,
81899,,
82198,,
82499,,
82798,,
83099,,
83398,,
83699,,
83999,,
84298,,
84599,,
84898,,
85199,,
85498,,
85799,,
86098,,
86399,,
86699,,
86998,,
87299,,
87598,,
87899,,
88198,,
88499,,
88798,,
89099,,
89399,,
89698,,
89999,,
90298,,
90599,,
90898,,
91199,,
91498,,
91799,,
92099,,
92398,,
92699,,
92998,,
93299,,
93598,,
93899,,
94198,,
94499,,
94799,,
95098,,
95399,,
95698,,
95999,,
96298,,
96599,,
96898,,
97199,,
97499,,
97798,,
98099,,
98398,,
98699,,
98998,,
99299,,
99598,,
99899,,
100199,,
100498,,
100799,,
101098,,
101399,,
101698,,
101999,,
102298,,
102599,,
102899,,
103198,,
103499,,
103798,,
104099,,
104398,,
104699,,
104998,,
105299,,
105599,,
105898,,
106199,,
106498,,
106799,,
107098,,
107399,,
107698,,
107999,,
108299,,
108598,,
108899,,
109198,,
109499,,
109798,,
110099,,
110398,,
110699,,
110999,,
111298,,
111599,,
111898,,
112199,,
112498,,
112799,,
113098,,
113399,,
113699,,
113998,,
114299,,
114598,,
114899,,
115198,,
115499,,
115798,,
116099,,
116399,,
116698,,
116999,,
117298,,
117599,,
117898,,
118199,,
118498,,
118799,,
119099,,
119398,,
119699,,
119998,,
120299,,
120598,,
120899,,
121198,,
121499,,
121799,,
122098,,
122399,,
122698,,
122999,,
123298,,
123599,,
123898,,
124199,,
124499,,
124798,,
125099,,
125398,,
125699,,
125998,,
126299,,
126598,,
126899,,
127199,,
127498,,
127799,,
128098,,
128399,,
128698,,
128999,,
129298,,
129599,,
129899,,
130198,,
130499,,
130798,,
131099,,
131398,,
131699,,
131998,,
132299,,
132599,,
132898,,
133199,,
133498,,
133799,,
134098,,
134399,,
134698,,
134999,,
135299,,
135598,,
135899,,
136198,,
136499,,
136798,,
137099,,
137398,,
137699,,
137999,,
138298,,
138599,,
138898,,
139199,,
139498,,
139799,,
140098,,
140399,,
140699,,
140998,,
141299,412.2098005188612,
141598,412.2098005188612,
141899,412.2098005188612,
142198,,
142499,,
142798,,
143099,,
143399,,
143698,,
143999,,
144298,,
144599,,
144898,,
145199,,
145498,,
145799,,
146099,,
146398,,
146699,,
146998,,
147299,,
147598,,
147899,,
148198,,
148499,,
148799,,
149098,,
149399,,
149698,,
149999,,
150298,,
150599,,
150898,,
151199,,
151499,,
151798,,
152099,,
152398,,
152699,,
152998,,
153299,,
153598,,
153899,,
154199,,
154498,,
154799,,
155098,,
155399,,
155698,,
155999,,
156298,,
156599,,
156899,,
157198,,
157499,,
157798,,
158099,,
158398,,
158699,,
158998,,
159299,,
159599,,
159898,,
160199,,
160498,,
160799,,
161098,,
161399,,
161698,,
161999,,
162299,,
162598,,
162899,,
163198,,
163499,,
163798,,
164099,,
164398,,
164699,,
164999,,
165298,,
165599,,
165898,,
166199,,
166498,,
166799,,
167098,,
167399,,
167699,,
167998,,
168299,,
168598,,
168899,,
169198,,
169499,,
169798,,
170099,,
170399,,
170698,,
170999,,
171298,,
171599,,
171898,,
172199,,
172498,,
172799,,
173099,,
173398,,
173699,,
173998,,
174299,,
174598,,
174899,,
175198,,
175499,,
175799,,
176098,,
176399,,
176698,,
176999,,
177298,,
177599,,
177898,,
178199,,
178499,,
178798,,
179099,,
179398,,
179699,,
179998,,
180299,,
180598,,
180899,,
181199,,
181498,,
181799,,
182098,,
182399,,
182698,,
182999,,
183298,,
183599,,
183899,,
184198,,
184499,,
184798,,
185099,,
185398,,
185699,,
185998,,
186299,,
186599,,
186898,,
187199,,
187498,,
187799,,
188098,,
188399,,
188698,,
188999,,
189299,,
189598,,
189899,,
190198,,
190499,,
190798,,
191099,,
191398,,
191699,,
191999,,
192298,,
192599,,
192898,,
193199,,
193498,,
193799,,
194098,,
194399,,
194699,,
194998,,
195299,,
195598,,
195899,,
196198,,
196499,,
196798,,
197099,,
197399,,
197698,,
197999,,
198298,,
198599,,
198898,,
199199,,
199498,,
199799,,
200099,,
200398,,
200699,,
200998,,
201299,,
201598,,
201899,,
202198,,
202499,,
202799,,
203098,,
203399,,
203698,,
203999,,
204298,,
204599,,
204898,,
205199,,
205499,,
205798,,
206099,,
206398,,
206699,,
206998,,
207299,,
207598,,
207899,,
208199,,
208498,,
208799,,
209098,,
209399,,
209698,,
209999,,
210298,,
210599,,
210899,,
211198,,
211499,,
211798,,
212099,,
212398,,
212699,,
212998,,
213299,,
213599,,
213898,,
214199,,
214498,,
214799,,
215098,,
215399,,
215698,,
215999,,
216299,,
216598,,
216899,,
217198,,
217499,,
217798,,
218099,,
218398,,
218699,,
218999,,
219298,,
219599,,
219898,,
220199,,
220498,,
220799,,
221098,,
221399,,
221699,,
221998,,
222299,,
222598,,
222899,,
223198,,
223499,,
223798,,
224099,,
224399,,
224698,,
224999,,
225298,,
225599,,
225898,,
226199,,
226498,,
226799,412.2098005188612,
227099,412.2098005188612,
227398,412.2098005188612,
227699,412.2098005188612,
227998,412.2098005188612,
228299,412.2098005188612,
228598,412.2098005188612,
228899,412.2098005188612,
229198,,
229499,412.2098005188612,
229799,412.2098005188612,
230098,412.2098005188612,
230399,412.2098005188612,
230698,412.2098005188612,
230999,412.2098005188612,
231298,412.2098005188612,
231599,412.2098005188612,
231898,412.2098005188612,
232199,412.2098005188612,
232499,412.2098005188612,
232798,412.2098005188612,
233099,412.2098005188612,
233398,412.2098005188612,
233699,412.2098005188612,
233998,412.2098005188612,
234299,412.2098005188612,
234598,,
234899,,
235199,,
235498,,
235799,,
236098,,
236399,,
236698,,
236999,,
237298,,
237599,,
237899,,
238198,,
238499,,
238798,,
239099,,
239398,,
239699,,
239998,,
240299,,
240599,,
240898,,
241199,,
241498,,
241799,,
242098,,
242399,,
242698,,
242999,,
243299,,
243598,,
243899,,
244198,,
244499,,
244798,,
245099,,
245398,,
245699,,
245999,,
246298,,
246599,,
246898,,
247199,,
247498,,
247799,,
248098,,
248399,,
248699,,
248998,,
249299,,
249598,,
249899,,
250198,,
250499,,
250798,,
251099,,
251399,,
251698,,
251999,,
252298,,
252599,,
252898,,
253199,,
253498,,
253799,,
254099,,
254398,412.2098005188612,
254699,412.2098005188612,
254998,,
255299,412.2098005188612,
255598,412.2098005188612,
255899,412.2098005188612,
256198,412.2098005188612,
256499,412.2098005188612,
256799,412.2098005188612,
257098,412.2098005188612,
257399,412.2098005188612,
257698,412.2098005188612,
257999,412.2098005188612,
258298,412.2098005188612,
258599,412.2098005188612,
258898,412.2098005188612,
259199,412.2098005188612,
259499,,
259798,,
260099,,
260398,,
260699,,
260998,,
261299,,
261598,,
261899,,
262199,,
262498,,
262799,,
263098,,
263399,,
263698,,
263999,,
264298,,
264599,,
264899,,
265198,,
265499,,
265798,,
266099,,
266398,,
266699,,
266998,,
267299,,
267599,,
267898,,
268199,,
268498,,
268799,,
269098,,
269399,,
269698,,
269999,,
270299,,
270598,,
270899,,
271198,,
271499,,
271798,,
272099,,
272398,,
272699,,
272999,,
273298,,
273599,,
273898,,
274199,,
274498,,
274799,,
275098,,
275399,,
275699,,
275998,,
276299,,
276598,,
276899,,
277198,,
277499,,
277798,,
278099,,
278399,,
278698,,
278999,,
279298,,
279599,,
279898,,
280199,,
280498,,
280799,,
281099,,
281398,,
281699,,
281998,,
282299,,
282598,,
282899,,
283198,,
283499,,
283799,,
284098,,
284399,,
284698,,
284999,,
285298,,
285599,,
285898,,
286199,,
286499,,
286798,,
287099,,
287398,,
287699,,
287998,,
288299,,
288598,,
288899,,
289199,,
289498,,
289799,,
290098,,
290399,,
290698,,
290999,,
291298,,
291599,,
291899,,
292198,,
292499,,
292798,,
293099,,
293398,,
293699,,
293998,,
294299,,
294599,,
294898,,
295199,,
295498,,
295799,,
296098,,
296399,,
296698,,
296999,,
297299,,
297598,,
297899,,
298198,,
298499,,
298798,,
299099,,
299398,,
299699,,
299999,,
300298,,
300599,,
300898,,
301199,,
301498,,
301799,,
302098,,
302399,,
302699,,
302998,,
303299,,
303598,,
303899,,
304198,,
304499,,
304798,,
305099,,
305399,,
305698,,
305999,,
306298,,
306599,,
306898,,
307199,,
307498,,
307799,,
308099,,
308398,,
308699,,
308998,,
309299,,
309598,,
309899,,
310198,,
310499,,
310799,,
311098,,
311399,,
311698,,
311999,,
312298,,
312599,,
312898,,
313199,,
313499,,
313798,,
314099,,
314398,,
314699,,
314998,,
315299,,
315598,,
315899,,
316199,,
316498,,
316799,,
317098,,
317399,,
317698,,
317999,,
318298,,
318599,,
318899,,
319198,412.2098005188612,
319499,,
319798,412.2098005188612,
320099,,
320398,,
320699,,
320998,,
321299,,
321599,,
321898,,
322199,,
322498,,
322799,,
323098,,
323399,,
323698,,
323999,,
324299,,
324598,,
324899,,
325198,,
325499,,
325798,,
326099,,
326398,,
326699,,
326999,,
327298,,
327599,,
327898,,
328199,,
328498,,
328799,,
329098,,
329399,,
329699,,
329998,,
330299,,
330598,,
330899,,
331198,,
331499,,
331798,,
332099,,
332399,,
332698,,
332999,,
333298,,
333599,,
333898,,
334199,,
334498,,
334799,,
335099,,
335398,,
335699,,
335998,,
336299,,
336598,,
336899,412.2098005188612,
337198,412.2098005188612,
337499,412.2098005188612,
337799,412.2098005188612,
338098,412.2098005188612,
338399,,
338698,412.2098005188612,
338999,412.2098005188612,
339298,412.2098005188612,
339599,412.2098005188612,
339898,412.2098005188612,
340199,,
340499,,
340798,412.2098005188612,
341099,412.2098005188612,
341398,,
341699,412.2098005188612,
341998,412.2098005188612,
342299,412.2098005188612,
342598,,
342899,412.2098005188612,
343199,,
343498,412.2098005188612,
343799,412.2098005188612,
344098,412.2098005188612,
344399,412.2098005188612,
344698,412.2098005188612,
344999,412.2098005188612,
345298,412.2098005188612,
345599,412.2098005188612,
345899,,
346198,,
346499,,
346798,,
347099,,
347398,,
347699,,
347998,,
348299,,
348599,,
348898,,
349199,,
349498,,
349799,,
350098,,
350399,,
350698,,
350999,,
351299,,
351598,,
351899,,
352198,,
352499,,
352798,,
353099,,
353398,,
353699,,
353999,,
354298,,
354599,,
354898,,
355199,,
355498,,
355799,,
356098,,
356399,,
356699,,
356998,,
357299,,
357598,,
357899,,
358198,,
358499,,
358798,,
359099,,
359399,,
359698,,
359999,,
360298,,
360599,,
360898,,
361199,,
361498,,
361799,,
362099,,
362398,,
362699,,
362998,,
363299,,
363598,,
363899,,
364198,,
364499,,
364799,,
365098,,
365399,,
365698,,
365999,,
366298,,
366599,,
366898,,
367199,,
367499,,
367798,,
368099,,
368398,,
368699,,
368998,,
369299,,
369598,,
369899,,
370199,,
370498,,
370799,,
371098,,
371399,,
371698,,
371999,,
372298,,
372599,,
372899,,
373198,,
373499,,
373798,,
374099,,
374398,,
374699,,
374998,,
375299,,
375599,,
375898,,
376199,,
376498,,
376799,,
377098,,
377399,,
377698,,
377999,,
378299,,
378598,,
378899,,
379198,,
379499,,
379798,,
380099,,
380398,,
380699,,
380999,,
381298,,
381599,,
381898,,
382199,,
382498,,
382799,,
383098,,
383399,,
383699,,
383998,,
384299,,
384598,,
384899,,
385198,,
385499,,
385798,,
386099,,
386399,,
386698,,
386999,,
387298,,
387599,,
387898,,
388199,,
388498,,
388799,,
389099,,
389398,,
389699,,
389998,,
390299,,
390598,,
390899,,
391198,,
391499,,
391799,,
392098,,
392399,,
392698,,
392999,,
393298,,
393599,,
393898,,
394199,,
394499,,
394798,,
395099,,
395398,,
395699,,
395998,,
396299,,
396598,,
396899,,
397199,,
397498,,
397799,,
398098,,
398399,,
398698,,
398999,,
399298,,
399599,,
399899,,
400198,,
400499,,
400798,,
401099,,
401398,,
401699,,
401998,,
402299,,
402599,,
402898,,
403199,,
403498,,
403799,,
404098,,
404399,,
404698,,
404999,,
405299,,
405598,,
405899,412.2098005188612,
406198,412.2098005188612,
406499,412.2098005188612,
406798,412.2098005188612,
407099,412.2098005188612,
407398,412.2098005188612,
407699,412.2098005188612,
407999,412.2098005188612,
408298,412.2098005188612,
408599,412.2098005188612,
408898,412.2098005188612,
409199,412.2098005188612,
409498,412.2098005188612,
409799,412.2098005188612,
410098,412.2098005188612,
410399,412.2098005188612,
410699,412.2098005188612,
410998,412.2098005188612,
411299,412.2098005188612,
411598,412.2098005188612,
411899,,
412198,,
412499,,
412798,,
413099,,
413399,,
413698,,
413999,,
414298,,
414599,,
414898,,
415199,,
415498,,
415799,,
416099,,
416398,,
416699,,
416998,412.2098005188612,
417299,,
417598,,
417899,,
418198,,
418499,,
418799,,
419098,,
419399,,
419698,,
419999,,
420298,,
420599,,
420898,,
421199,,
421499,,
421798,,
422099,412.2098005188612,
422398,412.2098005188612,
422699,412.2098005188612,
422998,,
423299,412.2098005188612,
423598,,
423899,,
424199,,
424498,,
424799,,
425098,,
425399,,
425698,,
425999,,
426298,,
426599,,
426899,,
427198,,
427499,,
427798,,
428099,,
428398,,
428699,,
428998,,
429299,,
429599,,
429898,,
430199,,
430498,,
430799,,
431098,,
431399,,
431698,,
431999,,
432299,,
432598,,
432899,,
433198,,
433499,,
433798,,
434099,412.2098005188612,
434398,412.2098005188612,
434699,412.2098005188612,
434999,412.2098005188612,
435298,,
435599,,
435898,,
436199,,
436498,,
436799,,
437098,,
437399,,
437699,,
437998,,
438299,,
438598,,
438899,,
439198,,
439499,,
439798,,
440099,,
440399,,
440698,,
440999,,
441298,,
441599,,
441898,,
442199,,
442498,,
442799,,
443099,,
443398,,
443699,,
443998,,
444299,,
444598,,
444899,,
445198,,
445499,,
445799,,
446098,,
446399,,
446698,,
446999,,
447298,,
447599,,
447898,,
448199,,
448499,,
448798,,
449099,,
449398,,
449699,,
449998,,
450299,,
450598,,
450899,,
451199,,
451498,,
451799,,
452098,,
452399,,
452698,,
452999,,
453298,,
453599,,
453899,,
454198,,
454499,,
454798,,
455099,,
455398,,
455699,,
455998,,
456299,,
456599,,
456898,,
457199,,
457498,,
457799,,
458098,,
458399,,
458698,,
458999,,
459299,,
459598,,
459899,,
460198,,
460499,,
460798,,
461099,,
461398,,
461699,,
461999,,
462298,,
462599,,
462898,,
463199,,
463498,,
463799,,
464098,,
464399,,
464699,,
464998,,
465299,,
465598,,
465899,,
466198,,
466499,,
466798,,
467099,,
467399,,
467698,,
467999,,
468298,,
468599,,
468898,,
469199,,
469498,,
469799,,
470099,,
470398,,
470699,,
470998,,
471299,,
471598,,
471899,,
472198,,
472499,412.2098005188612,
472799,412.2098005188612,
473098,412.2098005188612,
473399,412.2098005188612,
473698,412.2098005188612,
473999,412.2098005188612,
474298,412.2098005188612,
474599,412.2098005188612,
474898,412.2098005188612,
475199,412.2098005188612,
475499,412.2098005188612,
475798,412.2098005188612,
476099,412.2098005188612,
476398,,
476699,,
476998,,
477299,,
477598,,
477899,,
478199,,
478498,,
478799,,
479098,,
479399,,
479698,,
479999,,
480298,,
480599,,
480899,,
481198,,
481499,,
481798,,
482099,,
482398,,
482699,,
482998,,
483299,,
483599,,
483898,,
484199,,
484498,,
484799,,
485098,,
485399,,
485698,,
485999,,
486299,,
486598,,
486899,,
487198,,
487499,,
487798,,
488099,,
488398,,
488699,,
488999,,
489298,,
489599,,
489898,,
490199,,
490498,,
490799,,
491098,,
491399,,
491699,,
491998,,
492299,,
492598,,
492899,,
493198,,
493499,,
493798,412.2098005188612,
494099,412.2098005188612,
494399,412.2098005188612,
494698,412.2098005188612,
494999,412.2098005188612,
495298,412.2098005188612,
495599,412.2098005188612,
495898,412.2098005188612,
496199,412.2098005188612,
496498,412.2098005188612,
496799,412.2098005188612,
497099,412.2098005188612,
497398,412.2098005188612,
497699,412.2098005188612,
497998,412.2098005188612,
498299,412.2098005188612,
498598,412.2098005188612,
498899,412.2098005188612,
499198,412.2098005188612,
499499,412.2098005188612,
499799,412.2098005188612,
500098,412.2098005188612,
500399,412.2098005188612,
500698,412.2098005188612,
500999,412.2098005188612,
501298,412.2098005188612,
501599,412.2098005188612,
501898,412.2098005188612,
502199,412.2098005188612,
502499,,
502798,,
503099,,
503398,,
503699,,
503998,,
504299,,
504598,,
504899,,
505199,,
505498,412.2098005188612,
505799,,
506098,,
506399,412.2098005188612,
506698,,
506999,,
507298,,
507599,,
507899,412.2098005188612,
508198,412.2098005188612,
508499,412.2098005188612,
508798,412.2098005188612,
509099,412.2098005188612,
509398,412.2098005188612,
509699,412.2098005188612,
509998,412.2098005188612,
510299,412.2098005188612,
510599,412.2098005188612,
510898,412.2098005188612,
511199,412.2098005188612,
511498,412.2098005188612,
511799,412.2098005188612,
512098,412.2098005188612,
512399,412.2098005188612,
512698,412.2098005188612,
512999,412.2098005188612,
513299,412.2098005188612,
513598,412.2098005188612,
513899,412.2098005188612,
514198,412.2098005188612,
514499,412.2098005188612,
514798,412.2098005188612,
515099,412.2098005188612,
515398,412.2098005188612,
515699,412.2098005188612,
515999,412.2098005188612,
516298,412.2098005188612,
516599,412.2098005188612,
516898,412.2098005188612,
517199,412.2098005188612,
517498,412.2098005188612,
517799,412.2098005188612,
518098,412.2098005188612,
518399,412.2098005188612,
518699,412.2098005188612,
518998,412.2098005188612,
519299,412.2098005188612,
519598,412.2098005188612,
519899,412.2098005188612,
520198,412.2098005188612,
520499,412.2098005188612,
520798,412.2098005188612,
521099,412.2098005188612,
521399,412.2098005188612,
521698,412.2098005188612,
521999,412.2098005188612,
522298,412.2098005188612,
522599,412.2098005188612,
522898,412.2098005188612,
523199,412.2098005188612,
523498,412.2098005188612,
523799,412.2098005188612,
524099,412.2098005188612,
524398,412.2098005188612,
524699,412.2098005188612,
524998,412.2098005188612,
525299,412.2098005188612,
525598,412.2098005188612,
525899,,
526198,,
526499,,
526799,,
527098,,
527399,,
527698,,
527999,,
528298,,
528599,,
528898,,
529199,,
529499,,
529798,,
530099,,
530398,,
530699,,
530998,,
531299,,
531598,,
531899,,
532199,,
532498,,
532799,,
533098,,
533399,,
533698,,
533999,,
534298,,
534599,,
534899,,
535198,,
535499,,
535798,,
536099,,
536398,,
536699,,
536998,,
537299,,
537599,,
537898,,
538199,,
538498,,
538799,,
539098,,
539399,,
539698,,
539999,,
540299,,
540598,412.2098005188612,
540899,,
541198,,
541499,,
541798,,
542099,,
542398,,
542699,,
542999,,
543298,,
543599,,
543898,,
544199,,
544498,,
544799,,
545098,,
545399,,
545699,,
545998,,
546299,,
546598,,
546899,,
547198,,
547499,,
547798,,
548099,,
548399,,
548698,,
548999,,
549298,,
549599,,
549898,,
550199,,
550498,,
550799,,
551099,,
551398,,
551699,,
551998,,
552299,,
552598,,
552899,,
553198,,
553499,,
553799,,
554098,,
554399,,
554698,,
554999,,
555298,,
555599,,
555898,,
556199,,
556499,,
556798,412.2098005188612,
557099,412.2098005188612,
557398,412.2098005188612,
557699,412.2098005188612,
557998,412.2098005188612,
558299,412.2098005188612,
558598,412.2098005188612,
558899,412.2098005188612,
559199,,
559498,,
559799,,
560098,,
560399,412.2098005188612,
560698,,
560999,,
561298,412.2098005188612,
561599,412.2098005188612,
561899,412.2098005188612,
562198,412.2098005188612,
562499,412.2098005188612,
562798,,
563099,,
563398,412.2098005188612,
563699,412.2098005188612,
563998,412.2098005188612,
564299,412.2098005188612,
564599,412.2098005188612,
564898,412.2098005188612,
565199,412.2098005188612,
565498,,
565799,,
566098,,
566399,,
566698,,
566999,,
567299,,
567598,,
567899,,
568198,,
568499,,
568798,,
569099,,
569398,,
569699,,
569999,,
570298,,
570599,,
570898,,
571199,,
571498,,
571799,,
572098,,
572399,,
572699,,
572998,,
573299,,
573598,,
573899,,
574198,,
574499,,
574798,,
575099,,
575399,,
575698,,
575999,,
576298,,
576599,,
576898,,
577199,,
577498,,
577799,,
578099,,
578398,,
578699,,
578998,,
579299,,
579598,412.2098005188612,
579899,412.2098005188612,
580198,412.2098005188612,
580499,412.2098005188612,
580799,412.2098005188612,
581098,412.2098005188612,
581399,412.2098005188612,
581698,412.2098005188612,
581999,412.2098005188612,
582298,412.2098005188612,
582599,412.2098005188612,
582898,412.2098005188612,
583199,412.2098005188612,
583499,412.2098005188612,
583798,412.2098005188612,
584099,412.2098005188612,
584398,412.2098005188612,
584699,412.2098005188612,
584998,412.2098005188612,
585299,412.2098005188612,
585598,412.2098005188612,
585899,412.2098005188612,
586199,412.2098005188612,
586498,412.2098005188612,
586799,412.2098005188612,
587098,412.2098005188612,
587399,412.2098005188612,
587698,412.2098005188612,
587999,412.2098005188612,
588298,412.2098005188612,
588599,412.2098005188612,
588899,412.2098005188612,
589198,412.2098005188612,
589499,,
589798,,
590099,,
590398,,
590699,,
590998,,
591299,,
591599,,
591898,,
592199,,
592498,,
592799,,
593098,,
593399,,
593698,,
593999,,
594299,412.2098005188612,
594598,412.2098005188612,
594899,412.2098005188612,
595198,412.2098005188612,
595499,412.2098005188612,
595798,412.2098005188612,
596099,412.2098005188612,
596398,412.2098005188612,
596699,412.2098005188612,
596999,412.2098005188612,
597298,412.2098005188612,
597599,412.2098005188612,
597898,412.2098005188612,
598199,412.2098005188612,
598498,,
598799,,
599098,,
599399,,
599699,,
599998,,
600299,,
600598,412.2098005188612,
600899,412.2098005188612,
601198,412.2098005188612,
601499,412.2098005188612,
601798,412.2098005188612,
602099,412.2098005188612,
602399,412.2098005188612,
602698,412.2098005188612,
602999,412.2098005188612,
603298,412.2098005188612,
603599,412.2098005188612,
603898,412.2098005188612,
604199,412.2098005188612,
604498,412.2098005188612,
604799,412.2098005188612,
605099,412.2098005188612,
605398,412.2098005188612,
605699,412.2098005188612,
605998,412.2098005188612,
606299,412.2098005188612,
606598,412.2098005188612,
606899,412.2098005188612,
607198,412.2098005188612,
607499,412.2098005188612,
607799,412.2098005188612,
608098,412.2098005188612,
608399,412.2098005188612,
608698,412.2098005188612,
608999,412.2098005188612,
609298,412.2098005188612,
609599,412.2098005188612,
609898,412.2098005188612,
610199,412.2098005188612,
610499,412.2098005188612,
610798,412.2098005188612,
611099,412.2098005188612,
611398,412.2098005188612,
611699,412.2098005188612,
611998,412.2098005188612,
612299,412.2098005188612,
612598,412.2098005188612,
612899,412.2098005188612,
613199,412.2098005188612,
613498,,
613799,,
614098,,
614399,,
614698,,
614999,,
615298,,
615599,,
615899,,
616198,,
616499,,
616798,,
617099,,
617398,,
617699,,
617998,,
618299,,
618599,,
618898,,
619199,,
619498,,
619799,,
620098,,
620399,,
620698,,
620999,,
621299,,
621598,,
621899,,
622198,,
622499,,
622798,,
623099,,
623398,,
623699,,
623999,,
624298,,
624599,,
624898,,
625199,,
625498,,
625799,,
626098,,
626399,,
626699,,
626998,,
627299,,
627598,,
627899,412.2098005188612,
628198,412.2098005188612,
628499,412.2098005188612,
628798,,
629099,,
629399,,
629698,,
629999,,
630298,,
630599,,
630898,,
631199,412.2098005188612,
631498,,
631799,,
632099,,
632398,,
632699,,
632998,,
633299,,
633598,,
633899,,
634198,,
634499,,
634799,,
635098,,
635399,,
635698,,
635999,,
636298,,
636599,,
636898,,
637199,,
637499,,
637798,,
638099,,
638398,,
638699,,
638998,,
639299,,
639598,,
639899,,
640199,,
640498,,
640799,,
641098,,
641399,,
641698,,
641999,,
642298,,
642599,,
642899,,
643198,,
643499,,
643798,,
644099,,
644398,,
644699,,
644998,,
645299,,
645599,,
645898,,
646199,,
646498,,
646799,,
647098,,
647399,,
647698,,
647999,,
648299,,
648598,,
648899,,
649198,,
649499,,
649798,,
650099,,
650398,,
650699,,
650999,,
651298,,
651599,,
651898,412.2098005188612,
652199,412.2098005188612,
652498,412.2098005188612,
652799,412.2098005188612,
653098,412.2098005188612,
653399,412.2098005188612,
653699,412.2098005188612,
653998,412.2098005188612,
654299,412.2098005188612,
654598,412.2098005188612,
654899,412.2098005188612,
655198,412.2098005188612,
655499,412.2098005188612,
655798,,
656099,,
656399,,
656698,,
656999,,
657298,,
657599,,
657898,,
658199,,
658498,,
658799,,
659099,,
659398,,
659699,,
659998,,
660299,,
660598,,
660899,,
661198,,
661499,,
661799,,
662098,,
662399,,
662698,,
662999,,
663298,,
663599,,
663898,,
664199,,
664499,,
664798,,
665099,,
665398,,
665699,,
665998,,
666299,,
666598,,
666899,,
667199,,
667498,,
667799,412.2098005188612,
668098,,
668399,412.2098005188612,
668698,412.2098005188612,
668999,412.2098005188612,
669298,412.2098005188612,
669599,412.2098005188612,
669899,412.2098005188612,
670198,412.2098005188612,
670499,412.2098005188612,
670798,412.2098005188612,
671099,412.2098005188612,
671398,412.2098005188612,
671699,412.2098005188612,
671998,412.2098005188612,
672299,412.2098005188612,
672599,412.2098005188612,
672898,412.2098005188612,
673199,412.2098005188612,
673498,412.2098005188612,
673799,412.2098005188612,
674098,412.2098005188612,
674399,412.2098005188612,
674698,412.2098005188612,
674999,412.2098005188612,
675299,,
675598,,
675899,,
676198,,
676499,,
676798,,
677099,,
677398,,
677699,,
677999,,
678298,,
678599,,
678898,,
679199,,
679498,,
679799,,
680098,,
680399,,
680699,,
680998,,
681299,,
681598,,
681899,,
682198,,
682499,,
682798,,
683099,,
683399,,
683698,412.2098005188612,
683999,412.2098005188612,
684298,412.2098005188612,
684599,412.2098005188612,
684898,412.2098005188612,
685199,412.2098005188612,
685498,412.2098005188612,
685799,412.2098005188612,
686099,412.2098005188612,
686398,412.2098005188612,
686699,412.2098005188612,
686998,412.2098005188612,
687299,412.2098005188612,
687598,,
687899,412.2098005188612,
688198,,
688499,,
688799,,
689098,412.2098005188612,
689399,412.2098005188612,
689698,412.2098005188612,
689999,,
690298,,
690599,,
690898,,
691199,,
691499,,
691798,,
692099,,
692398,,
692699,,
692998,,
693299,412.2098005188612,
693598,412.2098005188612,
693899,412.2098005188612,
694199,,
694498,412.2098005188612,
694799,412.2098005188612,
695098,412.2098005188612,
695399,412.2098005188612,
695698,412.2098005188612,
695999,412.2098005188612,
696298,,
696599,412.2098005188612,
696899,412.2098005188612,
697198,,
697499,,
697798,,
698099,,
698398,,
698699,,
698998,,
699299,,
699599,,
699898,,
700199,,
700498,,
700799,,
701098,,
701399,,
701698,,
701999,,
702299,,
702598,,
702899,,
703198,,
703499,,
703798,,
704099,,
704398,,
704699,,
704999,,
705298,,
705599,,
705898,,
706199,,
706498,,
706799,,
707098,,
707399,,
707699,,
707998,,
708299,,
708598,,
708899,,
709198,,
709499,,
709798,,
710099,,
710399,,
710698,,
710999,,
711298,,
711599,,
711898,,
712199,,
712498,,
712799,,
713099,,
713398,,
713699,,
713998,,
714299,,
714598,,
714899,,
715198,,
715499,,
715799,,
716098,,
716399,,
716698,,
716999,,
717298,,
717599,,
717898,,
718199,,
718499,,
718798,,
719099,,
719398,,
719699,,
719998,,
720299,,
720598,,
720899,,
721199,,
721498,,
721799,,
722098,,
722399,,
722698,,
722999,,
723298,,
723599,,
723899,,
724198,,
724499,,
724798,,
725099,,
725398,,
725699,,
725998,,
726299,,
726599,,
726898,,
727199,,
727498,,
727799,,
728098,,
728399,,
728698,,
728999,,
729299,,
729598,,
729899,,
730198,,
730499,,
730798,,
731099,,
731398,,
731699,,
731999,,
732298,,
732599,,
732898,,
733199,,
733498,,
733799,,
734098,,
734399,,
734699,,
734998,,
735299,,
735598,,
735899,,
736198,,
736499,,
736798,,
737099,,
737399,,
737698,,
737999,,
738298,,
738599,,
738898,,
739199,,
739498,,
739799,,
740099,,
740398,,
740699,,
740998,,
741299,,
741598,,
741899,,
742198,,
742499,,
742799,,
743098,,
743399,,
743698,,
743999,,
744298,,
744599,,
744898,,
745199,,
745499,,
745798,,
746099,,
746398,,
746699,,
746998,,
747299,,
747598,,
747899,,
748199,,
748498,,
748799,,
749098,,
749399,,
749698,,
749999,,
750298,,
750599,,
750899,,
751198,,
751499,,
751798,,
752099,,
752398,,
752699,,
752998,,
753299,,
753599,,
753898,,
754199,,
754498,,
754799,,
755098,,
755399,,
755698,,
755999,,
756299,,
756598,,
756899,,
757198,,
757499,,
757798,,
758099,,
758398,,
758699,,
758999,,
759298,,
759599,,
759898,412.2098005188612,
760199,412.2098005188612,
760498,412.2098005188612,
760799,412.2098005188612,
761098,412.2098005188612,
761399,412.2098005188612,
761699,412.2098005188612,
761998,412.2098005188612,
762299,412.2098005188612,
762598,412.2098005188612,
762899,412.2098005188612,
763198,412.2098005188612,
763499,412.2098005188612,
763798,412.2098005188612,
764099,412.2098005188612,
764399,412.2098005188612,
764698,412.2098005188612,
764999,412.2098005188612,
765298,412.2098005188612,
765599,412.2098005188612,
765898,412.2098005188612,
766199,412.2098005188612,
766498,412.2098005188612,
766799,412.2098005188612,
767099,412.2098005188612,
767398,412.2098005188612,
767699,412.2098005188612,
767998,412.2098005188612,
768299,412.2098005188612,
768598,412.2098005188612,
768899,,
769198,,
769499,,
769799,,
770098,,
770399,,
770698,,
770999,,
771298,,
771599,,
771898,,
772199,,
772499,,
772798,,
773099,,
773398,,
773699,412.2098005188612,
773998,,
774299,,
774598,,
774899,,
775199,412.2098005188612,
775498,412.2098005188612,
775799,412.2098005188612,
776098,412.2098005188612,
776399,412.2098005188612,
776698,412.2098005188612,
776999,412.2098005188612,
777298,412.2098005188612,
777599,412.2098005188612,
777899,412.2098005188612,
778198,412.2098005188612,
778499,412.2098005188612,
778798,412.2098005188612,
779099,412.2098005188612,
779398,412.2098005188612,
779699,412.2098005188612,
779998,412.2098005188612,
780299,412.2098005188612,
780599,412.2098005188612,
780898,412.2098005188612,
781199,412.2098005188612,
781498,412.2098005188612,
781799,412.2098005188612,
782098,412.2098005188612,
782399,412.2098005188612,
782698,412.2098005188612,
782999,412.2098005188612,
783299,412.2098005188612,
783598,412.2098005188612,
783899,412.2098005188612,
784198,412.2098005188612,
784499,412.2098005188612,
784798,412.2098005188612,
785099,412.2098005188612,
785398,412.2098005188612,
785699,412.2098005188612,
785999,412.2098005188612,
786298,412.2098005188612,
786599,412.2098005188612,
786898,412.2098005188612,
787199,412.2098005188612,
787498,412.2098005188612,
787799,412.2098005188612,
788098,412.2098005188612,
788399,412.2098005188612,
788699,412.2098005188612,
788998,412.2098005188612,
789299,412.2098005188612,
789598,412.2098005188612,
789899,412.2098005188612,
790198,,
790499,,
790798,,
791099,,
791399,,
791698,,
791999,,
792298,,
792599,,
792898,,
793199,,
793498,,
793799,,
794099,,
794398,,
794699,,
794998,,
795299,,
795598,,
795899,,
796198,,
796499,,
796799,,
797098,,
797399,,
797698,,
797999,,
798298,,
798599,,
798898,,
799199,,
799499,,
799798,,
800099,,
800398,,
800699,,
800998,,
801299,,
801598,,
801899,,
802199,,
802498,,
802799,,
803098,,
803399,,
803698,,
803999,,
804298,,
804599,,
804899,,
805198,,
805499,,
805798,,
806099,,
806398,,
806699,412.2098005188612,
806998,,
807299,412.2098005188612,
807599,412.2098005188612,
807898,412.2098005188612,
808199,412.2098005188612,
808498,412.2098005188612,
808799,412.2098005188612,
809098,412.2098005188612,
809399,412.2098005188612,
809698,412.2098005188612,
809999,412.2098005188612,
810299,412.2098005188612,
810598,412.2098005188612,
810899,412.2098005188612,
811198,412.2098005188612,
811499,412.2098005188612,
811798,412.2098005188612,
812099,412.2098005188612,
812398,412.2098005188612,
812699,412.2098005188612,
812999,,
813298,,
813599,,
813898,,
814199,,
814498,,
814799,,
815098,,
815399,,
815699,,
815998,,
816299,,
816598,,
816899,,
817198,,
817499,,
817798,,
818099,,
818399,,
818698,,
818999,,
819298,,
819599,,
819898,,
820199,,
820498,,
820799,,
821099,,
821398,,
821699,,
821998,,
822299,,
822598,,
822899,,
823198,,
823499,,
823799,,
824098,,
824399,,
824698,,
824999,,
825298,,
825599,,
825898,,
826199,,
826499,,
826798,,
827099,,
827398,,
827699,,
827998,,
828299,,
828598,,
828899,,
829199,,
829498,,
829799,,
830098,,
830399,,
830698,,
830999,,
831298,,
831599,,
831899,,
832198,,
832499,,
832798,,
833099,,
833398,,
833699,412.2098005188612,
833998,412.2098005188612,
834299,412.2098005188612,
834599,412.2098005188612,
834898,412.2098005188612,
835199,412.2098005188612,
835498,412.2098005188612,
835799,,
836098,,
836399,,
836698,,
836999,,
837299,,
837598,,
837899,,
838198,,
838499,,
838798,,
839099,,
839398,,
839699,,
839999,,
840298,,
840599,,
840898,,
841199,,
841498,,
841799,,
842098,,
842399,,
842699,,
842998,,
843299,,
843598,412.2098005188612,
843899,,
844198,,
844499,,
844798,,
845099,,
845399,,
845698,,
845999,,
846298,,
846599,,
846898,,
847199,,
847498,,
847799,412.2098005188612,
848099,,
848398,,
848699,,
848998,,
849299,412.2098005188612,
849598,412.2098005188612,
849899,412.2098005188612,
850198,412.2098005188612,
850499,412.2098005188612,
850799,412.2098005188612,
851098,412.2098005188612,
851399,412.2098005188612,
851698,412.2098005188612,
851999,412.2098005188612,
852298,412.2098005188612,
852599,412.2098005188612,
852898,412.2098005188612,
853199,412.2098005188612,
853499,412.2098005188612,
853798,412.2098005188612,
854099,412.2098005188612,
854398,412.2098005188612,
854699,412.2098005188612,
854998,412.2098005188612,
855299,412.2098005188612,
855598,412.2098005188612,
855899,412.2098005188612,
856199,412.2098005188612,
856498,412.2098005188612,
856799,412.2098005188612,
857098,412.2098005188612,
857399,412.2098005188612,
857698,412.2098005188612,
857999,412.2098005188612,
858298,,
858599,,
858899,,
859198,,
859499,,
859798,,
860099,,
860398,,
860699,,
860998,,
861299,,
861599,,
861898,,
862199,,
862498,,
862799,,
863098,,
863399,,
863698,412.2098005188612,
863999,412.2098005188612,
864299,,
864598,412.2098005188612,
864899,412.2098005188612,
865198,412.2098005188612,
865499,412.2098005188612,
865798,412.2098005188612,
866099,412.2098005188612,
866398,412.2098005188612,
866699,412.2098005188612,
866999,412.2098005188612,
867298,412.2098005188612,
867599,412.2098005188612,
867898,412.2098005188612,
868199,412.2098005188612,
868498,412.2098005188612,
868799,412.2098005188612,
869098,412.2098005188612,
869399,412.2098005188612,
869699,412.2098005188612,
869998,412.2098005188612,
870299,412.2098005188612,
870598,412.2098005188612,
870899,412.2098005188612,
871198,412.2098005188612,
871499,412.2098005188612,
871798,412.2098005188612,
872099,412.2098005188612,
872399,412.2098005188612,
872698,412.2098005188612,
872999,412.2098005188612,
873298,412.2098005188612,
873599,412.2098005188612,
873898,412.2098005188612,
874199,412.2098005188612,
874498,412.2098005188612,
874799,412.2098005188612,
875099,412.2098005188612,
875398,412.2098005188612,
875699,412.2098005188612,
875998,412.2098005188612,
876299,412.2098005188612,
876598,412.2098005188612,
876899,412.2098005188612,
877198,412.2098005188612,
877499,412.2098005188612,
877799,,
878098,,
878399,,
878698,,
878999,,
879298,,
879599,,
879898,,
880199,,
880499,,
880798,,
881099,,
881398,,
881699,,
881998,,
882299,,
882598,,
882899,,
883199,,
883498,,
883799,,
884098,,
884399,,
884698,,
884999,,
885298,,
885599,,
885899,,
886198,,
886499,,
886798,,
887099,,
887398,,
887699,,
887998,,
888299,,
888599,,
888898,,
889199,,
889498,,
889799,,
890098,,
890399,,
890698,,
890999,,
891299,,
891598,,
891899,,
892198,,
892499,,
892798,,
893099,,
893398,,
893699,,
893999,,
894298,,
894599,,
894898,,
895199,,
895498,,
895799,,
896098,,
896399,,
896699,,
896998,,
897299,,
897598,,
897899,,
898198,,
898499,,
898798,,
899099,,
899399,,
899698,,
899999,412.2098005188612,
900298,412.2098005188612,
900599,412.2098005188612,
900898,412.2098005188612,
901199,412.2098005188612,
901498,412.2098005188612,
901799,412.2098005188612,
902099,412.2098005188612,
902398,,
902699,,
902998,,
903299,,
903598,,
903899,,
904198,,
904499,,
904799,,
905098,,
905399,,
905698,,
905999,,
906298,,
906599,,
906898,,
907199,,
907499,,
907798,,
908099,,
908398,,
908699,,
908998,,
909299,,
909598,,
909899,,
910199,,
910498,,
910799,,
911098,,
911399,,
911698,,
911999,,
912298,,
912599,,
912899,,
913198,,
913499,,
913798,,
914099,,
914398,,
914699,,
914998,,
915299,,
915599,,
915898,,
916199,,
916498,,
916799,,
917098,,
917399,,
917698,,
917999,,
918299,,
918598,,
918899,,
919198,,
919499,,
919798,,
920099,,
920398,,
920699,,
920999,,
921298,,
921599,,
921898,,
922199,,
922498,,
922799,,
923098,,
923399,412.2098005188612,
923699,412.2098005188612,
923998,412.2098005188612,
924299,412.2098005188612,
924598,412.2098005188612,
924899,412.2098005188612,
925198,,
925499,412.2098005188612,
925798,,
926099,,
926399,,
926698,,
926999,,
927298,,
927599,,
927898,,
928199,,
928498,,
928799,,
929099,,
929398,,
929699,,
929998,,
930299,,
930598,,
930899,,
931198,,
931499,,
931799,,
932098,,
932399,,
932698,,
932999,,
933298,,
933599,,
933898,,
934199,,
934499,,
934798,,
935099,,
935398,,
935699,,
935998,,
936299,,
936598,,
936899,,
937199,,
937498,,
937799,,
938098,,
938399,,
938698,,
938999,,
939298,412.2098005188612,
939599,412.2098005188612,
939899,412.2098005188612,
940198,412.2098005188612,
940499,412.2098005188612,
940798,412.2098005188612,
941099,412.2098005188612,
941398,412.2098005188612,
941699,412.2098005188612,
941998,412.2098005188612,
942299,412.2098005188612,
942599,412.2098005188612,
942898,412.2098005188612,
943199,412.2098005188612,
943498,412.2098005188612,
943799,412.2098005188612,
944098,412.2098005188612,
944399,412.2098005188612,
944698,412.2098005188612,
944999,412.2098005188612,
945299,412.2098005188612,
945598,412.2098005188612,
945899,,
946198,,
946499,,
946798,,
947099,,
947398,,
947699,,
947999,,
948298,,
948599,,
948898,,
949199,,
949498,,
949799,,
950098,,
950399,412.2098005188612,
950699,412.2098005188612,
950998,,
951299,,
951598,,
951899,,
952198,,
952499,,
952798,,
953099,,
953399,412.2098005188612,
953698,412.2098005188612,
953999,412.2098005188612,
954298,412.2098005188612,
954599,412.2098005188612,
954898,412.2098005188612,
955199,412.2098005188612,
955498,412.2098005188612,
955799,412.2098005188612,
956099,412.2098005188612,
956398,412.2098005188612,
956699,412.2098005188612,
956998,412.2098005188612,
957299,412.2098005188612,
957598,412.2098005188612,
957899,412.2098005188612,
958198,412.2098005188612,
958499,412.2098005188612,
958799,412.2098005188612,
959098,412.2098005188612,
959399,412.2098005188612,
959698,412.2098005188612,
959999,412.2098005188612,
960298,412.2098005188612,
960599,412.2098005188612,
960898,412.2098005188612,
961199,412.2098005188612,
961499,412.2098005188612,
961798,412.2098005188612,
962099,412.2098005188612,
962398,412.2098005188612,
962699,412.2098005188612,
962998,412.2098005188612,
963299,412.2098005188612,
963598,412.2098005188612,
963899,412.2098005188612,
964199,412.2098005188612,
964498,412.2098005188612,
964799,412.2098005188612,
965098,412.2098005188612,
965399,,
965698,,
965999,,
966298,,
966599,,
966899,,
967198,,
967499,,
967798,,
968099,,
968398,,
968699,,
968998,,
969299,,
969599,,
969898,,
970199,,
970498,,
970799,,
971098,,
971399,,
971698,,
971999,,
972299,,
972598,,
972899,,
973198,,
973499,,
973798,,
974099,,
974398,,
974699,,
974999,,
975298,,
975599,,
975898,,
976199,,
976498,,
976799,,
977098,,
977399,,
977699,,
977998,,
978299,,
978598,,
978899,,
979198,,
979499,,
979798,,
980099,,
980399,,
980698,,
980999,,
981298,,
981599,,
981898,,
982199,,
982498,,
982799,,
983099,,
983398,,
983699,,
983998,,
984299,,
984598,,
984899,,
985198,,
985499,,
985799,,
986098,,
986399,,
986698,,
986999,,
987298,,
987599,,
987898,,
988199,,
988499,,
988798,,
989099,,
989398,412.2098005188612,
989699,412.2098005188612,
989998,412.2098005188612,
990299,412.2098005188612,
990598,412.2098005188612,
990899,412.2098005188612,
991199,412.2098005188612,
991498,412.2098005188612,
991799,412.2098005188612,
992098,412.2098005188612,
992399,412.2098005188612,
992698,,
992999,,
993298,,
993599,,
993899,,
994198,,
994499,,
994798,,
995099,,
995398,,
995699,,
995998,,
996299,,
996599,,
996898,,
997199,,
997498,,
997799,,
998098,,
998399,,
998698,,
998999,,
999299,,
999598,,
999899,,
1000198,,
1000499,,
1000798,,
1001099,,
1001398,,
1001699,,
1001999,,
1002298,,
1002599,,
1002898,,
1003199,,
1003498,,
1003799,,
1004098,,
1004399,,
1004699,412.2098005188612,
1004998,412.2098005188612,
1005299,,
1005598,,
1005899,,
1006198,,
1006499,,
1006798,,
1007099,,
1007399,,
1007698,,
1007999,,
1008298,,
1008599,,
1008898,,
1009199,,
1009498,,
1009799,,
1010099,,
1010398,,
1010699,412.2098005188612,
1010998,,
1011299,412.2098005188612,
1011598,412.2098005188612,
1011899,,
1012198,,
1012499,,
1012799,,
1013098,412.2098005188612,
1013399,412.2098005188612,
1013698,412.2098005188612,
1013999,412.2098005188612,
1014298,412.2098005188612,
1014599,412.2098005188612,
1014898,412.2098005188612,
1015199,412.2098005188612,
1015499,412.2098005188612,
1015798,412.2098005188612,
1016099,412.2098005188612,
1016398,412.2098005188612,
1016699,412.2098005188612,
1016998,412.2098005188612,
1017299,412.2098005188612,
1017598,412.2098005188612,
1017899,412.2098005188612,
1018199,412.2098005188612,
1018498,412.2098005188612,
1018799,412.2098005188612,
1019098,412.2098005188612,
1019399,,
1019698,,
1019999,,
1020298,,
1020599,,
1020899,,
1021198,,
1021499,,
1021798,,
1022099,,
1022398,,
1022699,,
1022998,,
1023299,,
1023599,,
1023898,,
1024199,,
1024498,,
1024799,,
1025098,,
1025399,,
1025698,,
1025999,,
1026299,,
1026598,,
1026899,,
1027198,,
1027499,,
1027798,,
1028099,,
1028398,,
1028699,,
1028999,,
1029298,,
1029599,,
1029898,,
1030199,,
1030498,,
1030799,,
1031098,412.2098005188612,
1031399,412.2098005188612,
1031699,412.2098005188612,
1031998,412.2098005188612,
1032299,412.2098005188612,
1032598,412.2098005188612,
1032899,412.2098005188612,
1033198,412.2098005188612,
1033499,412.2098005188612,
1033798,412.2098005188612,
1034099,412.2098005188612,
1034399,412.2098005188612,
1034698,412.2098005188612,
1034999,,
1035298,,
1035599,,
1035898,,
1036199,,
1036498,,
1036799,,
1037099,,
1037398,,
1037699,,
1037998,,
1038299,,
1038598,,
1038899,,
1039198,,
1039499,,
1039799,,
1040098,,
1040399,,
1040698,,
1040999,,
1041298,,
1041599,,
1041898,,
1042199,,
1042499,,
1042798,,
1043099,,
1043398,,
1043699,,
1043998,,
1044299,,
1044598,,
1044899,,
1045199,,
1045498,,
1045799,,
1046098,,
1046399,,
1046698,,
1046999,,
1047298,,
1047599,,
1047899,,
1048198,,
1048499,,
1048798,,
1049099,,
1049398,,
1049699,,
1049998,,
1050299,,
1050599,,
1050898,,
1051199,,
1051498,,
1051799,,
1052098,,
1052399,,
1052698,,
1052999,,
1053299,,
1053598,,
1053899,,
1054198,,
1054499,,
1054798,,
1055099,,
1055398,,
1055699,,
1055999,,
1056298,,
1056599,,
1056898,,
1057199,,
1057498,,
1057799,,
1058098,,
1058399,,
1058699,,
1058998,,
1059299,,
1059598,,
1059899,,
1060198,,
1060499,,
1060798,,
1061099,,
1061399,,
1061698,,
1061999,,
1062298,,
1062599,,
1062898,,
1063199,,
1063498,,
1063799,,
1064099,,
1064398,,
1064699,,
1064998,,
1065299,,
1065598,,
1065899,,
1066198,,
1066499,,
1066799,,
1067098,,
1067399,,
1067698,,
1067999,,
1068298,,
1068599,,
1068898,,
1069199,,
1069499,,
1069798,,
1070099,,
1070398,,
1070699,,
1070998,,
1071299,,
1071598,,
1071899,,
1072199,,
1072498,,
1072799,,
1073098,,
1073399,,
1073698,,
1073999,,
1074298,,
1074599,,
1074899,,
1075198,412.2098005188612,
1075499,412.2098005188612,
1075798,,
1076099,,
1076398,,
1076699,,
1076998,,
1077299,412.2098005188612,
1077599,412.2098005188612,
1077898,412.2098005188612,
1078199,412.2098005188612,
1078498,412.2098005188612,
1078799,412.2098005188612,
1079098,412.2098005188612,
1079399,412.2098005188612,
1079698,412.2098005188612,
1079999,412.2098005188612,
1080299,412.2098005188612,
1080598,412.2098005188612,
1080899,412.2098005188612,
1081198,412.2098005188612,
1081499,412.2098005188612,
1081798,412.2098005188612,
1082099,412.2098005188612,
1082398,412.2098005188612,
1082699,412.2098005188612,
1082999,412.2098005188612,
1083298,412.2098005188612,
1083599,412.2098005188612,
1083898,412.2098005188612,
1084199,,
1084498,,
1084799,,
1085098,,
1085399,,
1085699,,
1085998,,
1086299,,
1086598,,
1086899,,
1087198,,
1087499,,
1087798,,
1088099,,
1088399,,
1088698,,
1088999,,
1089298,,
1089599,,
1089898,,
1090199,,
1090498,,
1090799,,
1091099,412.2098005188612,
1091398,,
1091699,,
1091998,412.2098005188612,
1092299,412.2098005188612,
1092598,412.2098005188612,
1092899,412.2098005188612,
1093198,412.2098005188612,
1093499,412.2098005188612,
1093799,412.2098005188612,
1094098,412.2098005188612,
1094399,412.2098005188612,
1094698,412.2098005188612,
1094999,412.2098005188612,
1095298,412.2098005188612,
1095599,412.2098005188612,
1095898,412.2098005188612,
1096199,412.2098005188612,
1096499,412.2098005188612,
1096798,412.2098005188612,
1097099,412.2098005188612,
1097398,412.2098005188612,
1097699,412.2098005188612,
1097998,412.2098005188612,
1098299,412.2098005188612,
1098598,412.2098005188612,
1098899,412.2098005188612,
1099199,412.2098005188612,
1099498,412.2098005188612,
1099799,412.2098005188612,
1100098,412.2098005188612,
1100399,412.2098005188612,
1100698,412.2098005188612,
1100999,412.2098005188612,
1101298,412.2098005188612,
1101599,412.2098005188612,
1101899,412.2098005188612,
1102198,412.2098005188612,
1102499,412.2098005188612,
1102798,412.2098005188612,
1103099,412.2098005188612,
1103398,412.2098005188612,
1103699,412.2098005188612,
1103998,412.2098005188612,
1104299,412.2098005188612,
1104599,412.2098005188612,
1104898,412.2098005188612,
1105199,412.2098005188612,
1105498,412.2098005188612,
1105799,412.2098005188612,
1106098,412.2098005188612,
1106399,412.2098005188612,
1106698,412.2098005188612,
1106999,412.2098005188612,
1107299,412.2098005188612,
1107598,412.2098005188612,
1107899,412.2098005188612,
1108198,412.2098005188612,
1108499,412.2098005188612,
1108798,412.2098005188612,
1109099,412.2098005188612,
1109398,412.2098005188612,
1109699,412.2098005188612,
1109999,412.2098005188612,
1110298,412.2098005188612,
1110599,412.2098005188612,
1110898,412.2098005188612,
1111199,412.2098005188612,
1111498,412.2098005188612,
1111799,412.2098005188612,
1112098,412.2098005188612,
1112399,412.2098005188612,
1112699,412.2098005188612,
1112998,,
1113299,,
1113598,,
1113899,,
1114198,,
1114499,,
1114798,,
1115099,,
1115399,,
1115698,,
1115999,,
1116298,,
1116599,,
1116898,412.2098005188612,
1117199,412.2098005188612,
1117498,,
1117799,,
1118099,,
1118398,,
1118699,,
1118998,,
1119299,,
1119598,,
1119899,,
1120198,,
1120499,,
1120799,412.2098005188612,
1121098,412.2098005188612,
1121399,412.2098005188612,
1121698,412.2098005188612,
1121999,412.2098005188612,
1122298,412.2098005188612,
1122599,412.2098005188612,
1122898,412.2098005188612,
1123199,412.2098005188612,
1123499,412.2098005188612,
1123798,412.2098005188612,
1124099,412.2098005188612,
1124398,412.2098005188612,
1124699,,
1124998,,
1125299,,
1125598,,
1125899,,
1126199,,
1126498,,
1126799,,
1127098,,
1127399,,
1127698,,
1127999,,
1128298,,
1128599,,
1128899,,
1129198,,
1129499,,
1129798,,
1130099,,
1130398,,
1130699,,
1130998,,
1131299,,
1131599,,
1131898,,
1132199,,
1132498,,
1132799,,
1133098,,
1133399,,
1133698,,
1133999,,
1134299,,
1134598,,
1134899,,
1135198,,
1135499,,
1135798,,
1136099,,
1136398,,
1136699,,
1136999,,
1137298,,
1137599,,
1137898,,
1138199,,
1138498,,
1138799,,
1139098,,
1139399,,
1139699,,
1139998,,
1140299,,
1140598,,
1140899,,
1141198,,
1141499,,
1141798,,
1142099,,
1142399,,
1142698,,
1142999,,
1143298,,
1143599,,
1143898,,
1144199,,
1144498,,
1144799,,
1145099,,
1145398,,
1145699,,
1145998,,
1146299,,
1146598,,
1146899,,
1147198,,
1147499,,
1147799,,
1148098,,
1148399,,
1148698,,
1148999,,
1149298,,
1149599,,
1149898,,
1150199,,
1150499,,
1150798,,
1151099,,
1151398,,
1151699,,
1151998,,
1152299,,
1152598,,
1152899,,
1153199,,
1153498,,
1153799,,
1154098,,
1154399,,
1154698,,
1154999,,
1155298,,
1155599,,
1155899,,
1156198,,
1156499,,
1156798,,
1157099,,
1157398,,
1157699,,
1157998,,
1158299,,
1158599,,
1158898,,
1159199,,
1159498,,
1159799,,
1160098,,
1160399,,
1160698,,
1160999,,
1161299,,
1161598,,
1161899,,
1162198,,
1162499,,
1162798,412.2098005188612,
1163099,,
1163398,,
1163699,,
1163999,412.2098005188612,
1164298,412.2098005188612,
1164599,412.2098005188612,
1164898,,
1165199,,
1165498,412.2098005188612,
1165799,412.2098005188612,
1166098,412.2098005188612,
1166399,412.2098005188612,
1166699,412.2098005188612,
1166998,412.2098005188612,
1167299,412.2098005188612,
1167598,412.2098005188612,
1167899,412.2098005188612,
1168198,412.2098005188612,
1168499,412.2098005188612,
1168798,412.2098005188612,
1169099,412.2098005188612,
1169399,412.2098005188612,
1169698,412.2098005188612,
1169999,412.2098005188612,
1170298,412.2098005188612,
1170599,412.2098005188612,
1170898,412.2098005188612,
1171199,412.2098005188612,
1171498,412.2098005188612,
1171799,412.2098005188612,
1172099,412.2098005188612,
1172398,412.2098005188612,
1172699,412.2098005188612,
1172998,412.2098005188612,
1173299,412.2098005188612,
1173598,412.2098005188612,
1173899,412.2098005188612,
1174198,,
1174499,,
1174799,,
1175098,,
1175399,,
1175698,,
1175999,,
1176298,,
1176599,,
1176898,,
1177199,,
1177499,,
1177798,,
1178099,,
1178398,,
1178699,,
1178998,,
1179299,,
1179598,,
1179899,,
1180199,,
1180498,,
1180799,412.2098005188612,
1181098,412.2098005188612,
1181399,412.2098005188612,
1181698,,
1181999,412.2098005188612,
1182298,412.2098005188612,
1182599,412.2098005188612,
1182899,412.2098005188612,
1183198,412.2098005188612,
1183499,412.2098005188612,
1183798,412.2098005188612,
1184099,412.2098005188612,
1184398,412.2098005188612,
1184699,412.2098005188612,
1184998,412.2098005188612,
1185299,412.2098005188612,
1185599,412.2098005188612,
1185898,412.2098005188612,
1186199,412.2098005188612,
1186498,412.2098005188612,
1186799,412.2098005188612,
1187098,412.2098005188612,
1187399,412.2098005188612,
1187698,412.2098005188612,
1187999,412.2098005188612,
1188299,412.2098005188612,
1188598,412.2098005188612,
1188899,412.2098005188612,
1189198,412.2098005188612,
1189499,412.2098005188612,
1189798,412.2098005188612,
1190099,412.2098005188612,
1190398,412.2098005188612,
1190699,412.2098005188612,
1190999,412.2098005188612,
1191298,412.2098005188612,
1191599,412.2098005188612,
1191898,412.2098005188612,
1192199,412.2098005188612,
1192498,412.2098005188612,
1192799,412.2098005188612,
